<Entity xmlns:meta="Editor">
	<Components>
		<Name>
			<Name>%Name%</Name>
			<Title>%Title%</Title>
		</Name>
		<AI>
			<Speed>1</Speed>
			<AI>BasicMonster</AI>
		</AI>
		<Position />
		<Statistics>
			<Statistics meta:RefKey="Statistics">
				<MaxHP>%HP%</MaxHP>
				<Power>%Power%</Power>
				<CritChance>0.05</CritChance>
				<CritDamage>2</CritDamage>
			</Statistics>
			<EquipmentWeight>Heavy</EquipmentWeight>
			<Death meta:RefKey="ParticleEffect">
				<Name>Death</Name>
			</Death>
			<Attack>
				<Damage>1</Damage>
				<Range>1</Range>
				<HitEffect meta:RefKey="ParticleEffect">
					<Name>Strike</Name>
				</HitEffect>
			</Attack>
		</Statistics>
		<DirectionalSprite>
			<Animations>
				<Animation>
					<Name>idle</Name>
					<Up meta:RefKey="Sprite">
						<Name>Oryx/Custom/heroes/kurzad</Name>
						<DrawActualSize>true</DrawActualSize>
					</Up>
					<Down meta:RefKey="Sprite">
						<Name>Oryx/Custom/heroes/kurzad</Name>
						<DrawActualSize>true</DrawActualSize>
					</Down>
				</Animation>
			</Animations>
		</DirectionalSprite>
		<Ability>
			<Abilities>
			</Abilities>
		</Ability>
	</Components>
</Entity>